S01_Richard_Hatch,1
S01_Kelly_Wiglesworth,2
S01_Rudy_Boesch,3
S01_Susan_Hawk,4
S01_Sean_Kenniff,5
S01_Colleen_Haskell,6
S01_Gervase_Peterson,7
S01_Jenna_Lewis,8
S01_Greg_Buis,9
S01_Gretchen_Cordy,10
S01_Joel_Klug,11
S01_Dirk_Been,12
S01_Ramona_Gray,13
S01_Stacey_Stillman,14
S01_BB_Andersen,15
S01_Sonja_Christopher,16
S02_Tina_Wesson,1
S02_Colby_Donaldson,2
S02_Keith_Famie,3
S02_Elisabeth_Hasselbeck,4
S02_Rodger_Bingham,5
S02_Amber_Mariano,6
S02_Nick_Brown,7
S02_Jerri_Manthey,8
S02_Alicia_Calaway,9
S02_Jeff_Varner,10
S02_Michael_Skupin,11
S02_Kimmi_Kappenberg,12
S02_Mitchell_Olson,13
S02_Maralyn_Hershey,14
S02_Kel_Gleason,15
S02_Debb_Eaton,16
S03_Ethan_Zohn,1
S03_Kim_Johnson,2
S03_Lex_van_den_Berghe,3
S03_Tom_Buchanan,4
S03_Teresa_Cooper,5
S03_Kim_Powers,6
S03_Frank_Garrison,7
S03_Brandon_Quinton,8
S03_Kelly_Goldsmith,9
S03_Clarence_Black,10
S03_Lindsey_Richter,11
S03_Silas_Gaither,12
S03_Linda_Spencer,13
S03_Carl_Bilancione,14
S03_Jessie_Camacho,15
S03_Diane_Ogden,16
S04_Vecepia_Towery,1
S04_Neleh_Dennis,2
S04_Kathy_Vavrick-OBrien,3
S04_Paschal_English,4
S04_Sean_Rector,5
S04_Robert_DeCanio,6
S04_Tammy_Leitner,7
S04_Zoe_Zanidakis,8
S04_John_Carroll,9
S04_Rob_Mariano,10
S04_Gina_Crews,11
S04_Gabriel_Cade,12
S04_Sarah_Jones,13
S04_Hunter_Ellis,14
S04_Patricia_Jackson,15
S04_Peter_Harkey,16
S05_Brian_Heidik,1
S05_Clay_Jordan,2
S05_Jan_Gentry,3
S05_Helen_Glover,4
S05_Ted_Rogers_Jr,5
S05_Jake_Billingsley,6
S05_Penny_Ramsey,7
S05_Ken_Stafford,8
S05_Erin_Collins,9
S05_Shii_Ann_Huang,10
S05_Robb_Zbacnik,11
S05_Stephanie_Dill,12
S05_Ghandia_Johnson,13
S05_Jed_Hildebrand,14
S05_Tanya_Vance,15
S05_John_Raymond,16
S06_Jenna_Morasca,1
S06_Matthew_von_Ertfelda,2
S06_Rob_Cesternino,3
S06_Butch_Lockley,4
S06_Heidi_Strobel,5
S06_Christy_Smith,6
S06_Alex_Bell,7
S06_Deena_Bennett,8
S06_Dave_Johnson,9
S06_Roger_Sexton,10
S06_Shawna_Mitchell,11
S06_Jeanne_Hebert,12
S06_JoAnna_Ward,13
S06_Daniel_Lue,14
S06_Janet_Koth,15
S06_Ryan_Aiken,16
S07_Sandra_Diaz-Twine,1
S07_Lillian_Morris,2
S07_Jon_Dalton,3
S07_Darrah_Johnson,4
S07_Burton_Roberts,5
S07_Christa_Hastie,6
S07_Tijuana_Bradley,7
S07_Rupert_Boneham,8
S07_Ryan_Opray,9
S07_Andrew_Savage,10
S07_Osten_Taylor,11
S07_Shawn_Cohen,12
S07_Trish_Dunn,13
S07_Michelle_Tesauro,14
S07_Ryan_Shoulders,15
S07_Nicole_Delma,16
S08_Amber_Brkich,1
S08_Rob_Mariano,2
S08_Jenna_Lewis,3
S08_Rupert_Boneham,4
S08_Tom_Buchanan,5
S08_Shii_Ann_Huang,6
S08_Alicia_Calaway,7
S08_Kathy_Vavrick-OBrien,8
S08_Lex_van_den_Berghe,9
S08_Jerri_Manthey,10
S08_Ethan_Zohn,11
S08_Colby_Donaldson,12
S08_Susan_Hawk,13
S08_Richard_Hatch,14
S08_Rob_Cesternino,15
S08_Jenna_Morasca,16
S08_Rudy_Boesch,17
S08_Tina_Wesson,18
S09_Chris_Daugherty,1
S09_Twila_Tanner,2
S09_Scout_Cloud_Lee,3
S09_Eliza_Orlins,4
S09_Julie_Berry,5
S09_Ami_Cusack,6
S09_Leann_Slaby,7
S09_Chad_Crittenden,8
S09_Lea_Masters,9
S09_Rory_Freeman,10
S09_John_Kenney,11
S09_Lisa_Keiffer,12
S09_Travis_Sampson,13
S09_Brady_Finta,14
S09_Mia_Galeotalanza,15
S09_John_Palyok,16
S09_Dolly_Neely,17
S09_Brook_Geraghty,18
S10_Tom_Westman,1
S10_Katie_Gallagher,2
S10_Ian_Rosenberger,3
S10_Jenn_Lyon,4
S10_Caryn_Groedel,5
S10_Gregg_Carey,6
S10_Stephenie_LaGrossa,7
S10_Janu_Tornell,8
S10_Coby_Archa,9
S10_Bobby_Jon_Drinkard,10
S10_Ibrehem_Rahman,11
S10_James_Miller,12
S10_Angie_Jakusz,13
S10_Willard_Smith,14
S10_Kim_Mullen,15
S10_Jeff_Wilson,16
S10_Ashlee_Ashby,17
S10_Jolanda_Jones,18
S10_Wanda_Shirk,19
S10_Jonathan_Libby,20
S11_Danni_Boatwright,1
S11_Stephenie_LaGrossa,2
S11_Rafe_Judkins,3
S11_Lydia_Morales,4
S11_Cindy_Hall,5
S11_Judd_Sergeant,6
S11_Gary_Hogeboom,7
S11_Jamie_Newton,8
S11_Bobby_Jon_Drinkard,9
S11_Brandon_Bellinger,10
S11_Amy_OHara,11
S11_Brian_Corridan,12
S11_Margaret_Bobonich,13
S11_Blake_Towsley,14
S11_Brooke_Struck,15
S11_Brianna_Varela,16
S11_Morgan_McDevitt,17
S11_Jim_Lynch,18
S12_Aras_Baskauskas,1
S12_Danielle_DiLorenzo,2
S12_Terry_Deitz,3
S12_Cirie_Fields,4
S12_Shane_Powers,5
S12_Courtney_Marit,6
S12_Bruce_Kanegai,7
S12_Sally_Schumann,8
S12_Austin_Carty,9
S12_Nick_Stanbury,10
S12_Dan_Barry,11
S12_Bobby_Mason,12
S12_Ruth_Marie_Milliman,13
S12_Misty_Giles,14
S12_Melinda_Hyder,15
S12_Tina_Scheer,16
S13_Yul_Kwon,1
S13_Ozzy_Lusth,2
S13_Becky_Lee,3
S13_Sundra_Oakley,4
S13_Adam_Gentry,5
S13_Parvati_Shallow,6
S13_Jonathan_Penner,7
S13_Candice_Woodcock,8
S13_Nate_Gonzalez,9
S13_Jenny_Guzon-Bae,10
S13_Rebecca_Borman,11
S13_Brad_Virata,12
S13_Jessica_Smith,13
S13_Cristina_Coria,14
S13_Cao_Boi_Bui,15
S13_Stephannie_Favor,16
S13_JP_Calderon,17
S13_Cecilia_Mansilla,18
S13_Billy_Garcia,19
S13_Sekou_Bunch,20
S14_Earl_Cole,1
S14_Dreamz_Herd,2
S14_Cassandra_Franklin,3
S14_Yau-Man_Chan,4
S14_Boo_Bernis,5
S14_Stacy_Kimball,6
S14_Alex_Angarita,7
S14_Mookie_Lee,8
S14_Edgardo_Rivera,9
S14_Michelle_Yi,10
S14_Lisi_Linares,11
S14_Rocky_Reid,12
S14_Anthony_Robinson,13
S14_Rita_Verreos,14
S14_Liliana_Gomez,15
S14_Gary_Stritesky,16
S14_Sylvia_Kwan,17
S14_Erica_Durousseau,18
S14_Jessica_deBen,19
S15_Todd_Herzog,1
S15_Courtney_Yates,2
S15_Amanda_Kimmel,3
S15_Denise_Martin,4
S15_Peih-Gee_Law,5
S15_Erik_Huffman,6
S15_James_Clement,7
S15_Frosti_Zernow,8
S15_Jean-Robert_Bellande,9
S15_Jaime_Dugan,10
S15_Sherea_Lloyd,11
S15_Aaron_Reisberger,12
S15_Dave_Cruser,13
S15_Leslie_Nease,14
S15_Ashley_Massaro,15
S15_Chicken_Morris,16
S16_Parvati_Shallow,1
S16_Amanda_Kimmel,2
S16_Cirie_Fields,3
S16_Natalie_Bolton,4
S16_Erik_Reichenbach,5
S16_Alexis_Jones,6
S16_James_Clement,7
S16_Jason_Siska,8
S16_Ozzy_Lusth,9
S16_Eliza_Orlins,10
S16_Ami_Cusack,11
S16_Tracy_Hughes-Wolf,12
S16_Kathy_Sleckman,13
S16_Chet_Welch,14
S16_Jonathan_Penner,15
S16_Joel_Anderson,16
S16_Mikey_Bortone,17
S16_Yau-Man_Chan,18
S16_Mary_Sartain,19
S16_Jon_Dalton,20
S17_Bob_Crowley,1
S17_Susie_Smith,2
S17_Sugar_Kiper,3
S17_Matty_Whitmore,4
S17_Ken_Hoang,5
S17_Crystal_Cox,6
S17_Corinne_Kaplan,7
S17_Randy_Bailey,8
S17_Charlie_Herschel,9
S17_Marcus_Lehman,10
S17_Dan_Kay,11
S17_Ace_Gordon,12
S17_Kelly_Czarnecki,13
S17_GC_Brown,14
S17_Jacquie_Berg,15
S17_Paloma_Soto-Castillo,16
S17_Gillian_Larson,17
S17_Michelle_Chase,18
S18_JT_Thomas,1
S18_Stephen_Fishbach,2
S18_Erinn_Lobdell,3
S18_Taj_Johnson-George,4
S18_Coach_Wade,5
S18_Debbie_Beebe,6
S18_Sierra_Reed,7
S18_Tyson_Apostol,8
S18_Brendan_Synnott,9
S18_Joe_Dowdle,10
S18_Sydney_Wheeler,11
S18_Spencer_Duhm,12
S18_Sandy_Burgin,13
S18_Jerry_Sims,14
S18_Candace_Smith,15
S18_Carolina_Eastwood,16
S19_Natalie_White,1
S19_Russell_Hantz,2
S19_Mick_Trimming,3
S19_Brett_Clouser,4
S19_Jaison_Robinson,5
S19_Shambo_Waters,6
S19_Monica_Padilla,7
S19_Dave_Ball,8
S19_John_Fincher,9
S19_Laura_Morett,10
S19_Kelly_Sharbaugh,11
S19_Erik_Cardona,12
S19_Liz_Kim,13
S19_Russell_Swan,14
S19_Ashley_Trainer,15
S19_Yasmin_Giles,16
S19_Ben_Browning,17
S19_Betsy_Bolan,18
S19_Mike_Borassi,19
S19_Marisa_Calihan,20
S20_Sandra_Diaz-Twine,1
S20_Parvati_Shallow,2
S20_Russell_Hantz,3
S20_Jerri_Manthey,4
S20_Colby_Donaldson,5
S20_Rupert_Boneham,6
S20_Danielle_DiLorenzo,7
S20_Candice_Cody,8
S20_Amanda_Kimmel,9
S20_JT_Thomas,10
S20_Courtney_Yates,11
S20_Coach_Wade,12
S20_Rob_Mariano,13
S20_James_Clement,14
S20_Tyson_Apostol,15
S20_Tom_Westman,16
S20_Cirie_Fields,17
S20_Randy_Bailey,18
S20_Stephenie_LaGrossa,19
S20_Sugar_Kiper,20
S21_Fabio_Birza,1
S21_Chase_Rice,2
S21_Sash_Lenahan,3
S21_Holly_Hoffman,4
S21_Dan_Lembo,5
S21_Jane_Bright,6
S21_Benry_Henry,7
S21_Kelly_Shinn,8
S21_NaOnka_Mixon,9
S21_Brenda_Lowe,10
S21_Marty_Piombo,11
S21_Alina_Wilson,12
S21_Jill_Behm,13
S21_Yve_Rojas,14
S21_Kelly_Bruno,15
S21_Tyrone_Davis,16
S21_Jimmy_Tarantino,17
S21_Jimmy_Johnson,18
S21_Shannon_Elkins,19
S21_Wendy_DeSmidt-Kohlhoff,20
S22_Rob_Mariano,1
S22_Phillip_Sheppard,2
S22_Natalie_Tenerelli,3
S22_Ashley_Underwood,4
S22_Andrea_Boehlke,5
S22_Mike_Chiesl,6
S22_Matt_Elrod,7
S22_Grant_Mattos,8
S22_Ralph_Kiser,9
S22_Steve_Wright,10
S22_Julie_Wolfe,11
S22_David_Murphy,12
S22_Sarita_White,13
S22_Stephanie_Valencia,14
S22_Krista_Klumpp,15
S22_Kristina_Kell,16
S22_Russell_Hantz,17
S22_Francesca_Hogi,18
S23_Sophie_Clarke,1
S23_Coach_Wade,2
S23_Albert_Destrade,3
S23_Ozzy_Lusth,4
S23_Rick_Nelson,5
S23_Brandon_Hantz,6
S23_Edna_Ma,7
S23_John_Cochran,8
S23_Whitney_Duncan,9
S23_Dawn_Meehan,10
S23_Keith_Tollefson,11
S23_Jim_Rice,12
S23_Christine_Shields_Markoski,13
S23_Mikayla_Wingle,14
S23_Elyse_Umemoto,15
S23_Stacey_Powell,16
S23_Mark_Caruso,17
S23_Semhar_Tadesse,18
S24_Kim_Spradlin,1
S24_Sabrina_Thompson,2
S24_Chelsea_Meissner,3
S24_Christina_Cha,4
S24_Alicia_Rosa,5
S24_Tarzan_Smith,6
S24_Kat_Edorsson,7
S24_Troyzan_Robertson,8
S24_Leif_Manson,9
S24_Jay_Byars,10
S24_Michael_Jefferson,11
S24_Jonas_Otsuji,12
S24_Colton_Cumbie,13
S24_Monica_Culpepper,14
S24_Bill_Posley,15
S24_Matt_Quinlan,16
S24_Nina_Acosta,17
S24_Kourtney_Moon,18
S25_Denise_Stapley,1
S25_Michael_Skupin,2
S25_Lisa_Whelchel,3
S25_Malcolm_Freberg,4
S25_Abi-Maria_Gomes,5
S25_Carter_Williams,6
S25_Jonathan_Penner,7
S25_Pete_Yurkowski,8
S25_Artis_Silvester,9
S25_Jeff_Kent,10
S25_RC_Saint-Amour,11
S25_Katie_Hanson,12
S25_Sarah_Dawson,13
S25_Dana_Lambert,14
S25_Russell_Swan,15
S25_Angie_Layton,16
S25_Roxy_Morris,17
S25_Zane_Knight,18
S26_John_Cochran,1
S26_Sherri_Biethman,2
S26_Dawn_Meehan,3
S26_Eddie_Fox,4
S26_Erik_Reichenbach,5
S26_Brenda_Lowe,6
S26_Andrea_Boehlke,7
S26_Reynold_Toepfer,8
S26_Malcolm_Freberg,9
S26_Phillip_Sheppard,10
S26_Michael_Snow,11
S26_Corinne_Kaplan,12
S26_Julia_Landauer,13
S26_Matt_Bischoff,14
S26_Brandon_Hantz,15
S26_Laura_Alexander,16
S26_Shamar_Thomas,17
S26_Hope_Driskill,18
S26_Allie_Pohevitz,19
S26_Francesca_Hogi,20
S27_Tyson_Apostol,1
S27_Monica_Culpepper,2
S27_Gervase_Peterson,3
S27_Tina_Wesson,4
S27_Ciera_Eastin,5
S27_Laura_Morett,6
S27_Hayden_Moss,7
S27_Katie_Collins,8
S27_Caleb_Bankston,9
S27_Vytas_Baskauskas,10
S27_Aras_Baskauskas,11
S27_Laura_Boneham,12
S27_John_Cody,13
S27_Kat_Edorsson,14
S27_Brad_Culpepper,15
S27_Candice_Cody,16
S27_Marissa_Peterson,17
S27_Rachel_Foulger,18
S27_Colton_Cumbie,19
S27_Rupert_Boneham,20
S28_Tony_Vlachos,1
S28_Woo_Hwang,2
S28_Kass_McQuillen,3
S28_Spencer_Bledsoe,4
S28_Trish_Hegarty,5
S28_Tasha_Fox,6
S28_Jefra_Bland,7
S28_Jeremiah_Wood,8
S28_LJ_McKanas,9
S28_Morgan_McLeod,10
S28_Sarah_Lacina,11
S28_Alexis_Maxwell,12
S28_Lindsey_Ogle,13
S28_Cliff_Robinson,14
S28_JTia_Taylor,15
S28_Brice_Johnston,16
S28_Garrett_Adelstein,17
S28_David_Samson,18
S29_Natalie_Anderson,1
S29_Jaclyn_Schultz,2
S29_Missy_Payne,3
S29_Keith_Nale,4
S29_Baylor_Wilson,5
S29_Jon_Misch,6
S29_Alec_Christy,7
S29_Reed_Kelly,8
S29_Wes_Nale,9
S29_Jeremy_Collins,10
S29_Josh_Canfield,11
S29_Julie_McGee,12
S29_Dale_Wentworth,13
S29_Kelley_Wentworth,14
S29_Drew_Christy,15
S29_John_Rocker,16
S29_Val_Collins,17
S29_Nadiya_Anderson,18
S30_Mike_Holloway,1
S30_Will_Sims_II,2
S30_Carolyn_Rivera,3
S30_Rodney_Lavoie_Jr,4
S30_Sierra_Dawn_Thomas,5
S30_Dan_Foley,6
S30_Tyler_Fredrickson,7
S30_Shirin_Oskooi,8
S30_Jenn_Brown,9
S30_Joe_Anglim,10
S30_Hali_Ford,11
S30_Kelly_Remington,12
S30_Joaquin_Souberbielle,13
S30_Max_Dawson,14
S30_Lindsey_Cascaddan,15
S30_Nina_Poersch,16
S30_So_Kim,18
S31_Jeremy_Collins,1
S31_Tasha_Fox,2
S31_Spencer_Bledsoe,3
S31_Kelley_Wentworth,4
S31_Keith_Nale,5
S31_Kimmi_Kappenberg,6
S31_Abi-Maria_Gomes,7
S31_Joe_Anglim,8
S31_Stephen_Fishbach,9
S31_Ciera_Eastin,10
S31_Kelly_Wiglesworth,11
S31_Andrew_Savage,12
S31_Kass_McQuillen,13
S31_Woo_Hwang,14
S31_Terry_Deitz,15
S31_Monica_Padilla,16
S31_Jeff_Varner,17
S31_Peih-Gee_Law,18
S31_Shirin_Oskooi,19
S31_Vytas_Baskauskas,20
S32_Michele_Fitzgerald,1
S32_Aubry_Bracco,2
S32_Tai_Trang,3
S32_Cydney_Gillon,4
S32_Joe_del_Campo,5
S32_Kyle_Jason,6
S32_Julia_Sokolowski,7
S32_Scot_Pollard,8
S32_Debbie_Wanner,9
S32_Nick_Maiorano,10
S32_Neal_Gottlieb,11
S32_Peter_Baggenstos,12
S32_Anna_Khait,13
S32_Alecia_Holden,14
S32_Caleb_Reynolds,15
S32_Liz_Markham,16
S32_Jennifer_Lanzetti,17
S32_Darnell_Hamilton,18
S33_Adam_Klein,1
S33_Ken_McNickle,2
S33_Hannah_Shapiro,3
S33_David_Wright,4
S33_Bret_LaBelle,5
S33_Jay_Starrett,6
S33_Sunday_Burquest,7
S33_Will_Wahl,8
S33_Zeke_Smith,9
S33_Jessica_Lewis,10
S33_Chris_Hammons,11
S33_Taylor_Stocker,12
S33_Michelle_Schubert,13
S33_Michaela_Bradshaw,14
S33_Figgy_Figueroa,15
S33_CeCe_Taylor,16
S33_Lucy_Huang,17
S33_Paul_Wachter,18
S33_Mari_Takahashi,19
S33_Rachel_Ako,20
S34_Sarah_Lacina,1
S34_Brad_Culpepper,2
S34_Troyzan_Robertson,3
S34_Tai_Trang,4
S34_Aubry_Bracco,5
S34_Cirie_Fields,6
S34_Michaela_Bradshaw,7
S34_Andrea_Boehlke,8
S34_Sierra_Dawn_Thomas,9
S34_Zeke_Smith,10
S34_Debbie_Wanner,11
S34_Ozzy_Lusth,12
S34_Hali_Ford,13
S34_Jeff_Varner,14
S34_Sandra_Diaz-Twine,15
S34_JT_Thomas,16
S34_Malcolm_Freberg,17
S34_Caleb_Reynolds,18
S34_Tony_Vlachos,19
S34_Ciera_Eastin,20
S35_Ben_Driebergen,1
S35_Chrissy_Hofbeck,2
S35_Ryan_Ulrich,3
S35_Devon_Pinto,4
S35_Mike_Zahalsky,5
S35_Ashley_Nolan,6
S35_Lauren_Rimmer,7
S35_Joe_Mena,8
S35_JP_Hilsabeck,9
S35_Cole_Medders,10
S35_Desi_Williams,11
S35_Jessica_Johnston,12
S35_Ali_Elliott,13
S35_Roark_Luskin,14
S35_Alan_Ball,15
S35_Patrick_Bolton,16
S35_Simone_Nguyen,17
S35_Katrina_Radke,18
S36_Wendell_Holland,1
S36_Domenick_Abbate,2
S36_Laurel_Johnson,3
S36_Angela_Perkins,4
S36_Donathan_Hurley,5
S36_Sebastian_Noel,6
S36_Kellyn_Bechtold,7
S36_Chelsea_Townsend,8
S36_Michael_Yerger,9
S36_Jenna_Bowman,10
S36_Desiree_Afuye,11
S36_Libby_Vincek,12
S36_Chris_Noble,13
S36_Bradley_Kleihege,14
S36_James_Lim,15
S36_Stephanie_Johnson,16
S36_Brendan_Shapiro,17
S36_Morgan_Ricke,18
S36_Jacob_Derwin,19
S36_Stephanie_Gonzalez,20
S37_Nick_Wilson,1
S37_Mike_White,2
S37_Angelina_Keeley,3
S37_Kara_Kay,4
S37_Alison_Raybould,5
S37_Davie_Rickenbacker,6
S37_Christian_Hubicki,7
S37_Gabby_Pascuzzi,8
S37_Carl_Boudreaux,9
S37_Alec_Merlino,10
S37_Dan_Rengering,11
S37_John_Hennigan,12
S37_Elizabeth_Olson,13
S37_Lyrsa_Torres,14
S37_Natalie_Cole,15
S37_Natalia_Azoqa,16
S37_Bi_Nguyen,17
S37_Jeremy_Crawford,18
S37_Jessica_Peet,19
S37_Pat_Cusack,20
S38_Chris_Underwood,1
S38_Gavin_Whitson,2
S38_Julie_Rosenberg,3
S38_Rick_Devens,4
S38_Lauren_OConnell,5
S38_Victoria_Baamonde,6
S38_Aurora_McCreary,7
S38_Ron_Clark,8
S38_Wardog_DaSilva,9
S38_Kelley_Wentworth,10
S38_David_Wright,11
S38_Julia_Carter,12
S38_Eric_Hafemann,13
S38_Joe_Anglim,14
S38_Wendy_Diaz,15
S38_Aubry_Bracco,16
S38_Keith_Sowell,17
S38_Reem_Daly,18
S39_Tommy_Sheehan,1
S39_Dean_Kowalski,2
S39_Noura_Salman,3
S39_Lauren_Beck,4
S39_Janet_Carbin,5
S39_Dan_Spilo,6
S39_Elaine_Stott,7
S39_Karishma_Patel,8
S39_Elizabeth_Beisel,9
S39_Missy_Byrd,10
S39_Aaron_Meredith,11
S39_Jamal_Shipman,12
S39_Kellee_Kim,13
S39_Jack_Nichting,14
S39_Jason_Linden,15
S39_Tom_Laidlaw,16
S39_Chelsea_Walker,17
S39_Vince_Moua,18
S39_Molly_Byman,19
S39_Ronnie_Bardah,20
S40_Tony_Vlachos,1
S40_Natalie_Anderson,2
S40_Michele_Fitzgerald,3
S40_Sarah_Lacina,4
S40_Ben_Driebergen,5
S40_Denise_Stapley,6
S40_Nick_Wilson,7
S40_Jeremy_Collins,8
S40_Kim_Spradlin-Wolfe,9
S40_Sophie_Clarke,10
S40_Tyson_Apostol,11
S40_Adam_Klein,12
S40_Wendell_Holland,13
S40_Yul_Kwon,14
S40_Parvati_Shallow,15
S40_Sandra_Diaz-Twine,16
S40_Rob_Mariano,17
S40_Ethan_Zohn,18
S40_Danni_Boatwright,19
S40_Amber_Mariano,20
S41_Erika_Casupanan,1
S41_Deshawn_Radden,2
S41_Xander_Hastings,3
S41_Heather_Aldret,4
S41_Ricard_Foye,5
S41_Danny_McCray,6
S41_Liana_Wallace,7
S41_Shan_Smith,8
S41_Evvie_Jagoda,9
S41_Naseer_Muttalif,10
S41_Tiffany_Seely,11
S41_Sydney_Segal,12
S41_Genie_Chen,13
S41_JD_Robinson,14
S41_Brad_Reese,15
S41_David_Voce,16
S41_Sara_Wilson,17
S41_Eric_Abraham,18
S42_Maryanne_Oketch,1
S42_Mike_Turner,2
S42_Romeo_Escobar,3
S42_Jonathan_Young,4
S42_Lindsay_Dolashewich,5
S42_Omar_Zaheer,6
S42_Drea_Wheeler,7
S42_Hai_Giang,8
S42_Tori_Meehan,9
S42_Rocksroy_Bailey,10
S42_Chanelle_Howell,11
S42_Lydia_Meredith,12
S42_Daniel_Strunk,13
S42_Swati_Goel,14
S42_Jenny_Kim,15
S42_Marya_Sherron,16
S42_Zach_Wurtenberger,17
S42_Jackson_Fox,18
S43_Mike_Gabler,1
S43_Cassidy_Clark,2
S43_Owen_Knight,3
S43_Jesse_Lopez,4
S43_Karla_Cruz_Godoy,5
S43_Cody_Assenmacher,6
S43_Sami_Layadi,7
S43_Noelle_Lambert,8
S43_Ryan_Medrano,9
S43_James_Jones,10
S43_Jeanine_Zheng,11
S43_Dwight_Moore,12
S43_Elie_Scott,13
S43_Geo_Bustamante,14
S43_Lindsay_Carmine,15
S43_Nneka_Ejere,16
S43_Justine_Brennan,17
S43_Morriah_Young,18
S44_Yam_Yam_Arocho,1
S44_Heidi_Lagares-Greenblatt,2
S44_Carolyn_Wiger,3
S44_Carson_Garrett,4
S44_Lauren_Harpe,5
S44_Jaime_Lynn_Ruiz,6
S44_Danny_Massa,7
S44_Frannie_Marin,8
S44_Kane_Fritzler,9
S44_Brandon_Cottom,10
S44_Matt_Blankinship,11
S44_Josh_Wilder,12
S44_Matthew_Grinstead-Mayle,13
S44_Sarah_Wade,14
S44_Claire_Rafson,15
S44_Helen_Li,16
S44_Maddy_Pomilla,17
S44_Bruce_Perreault,18
S45_Dee_Valladares,1
S45_Austin_Li_Coon,2
S45_Jake_OKane,3
S45_Katurah_Topps,4
S45_Julie_Alley,5
S45_Drew_Basile,6
S45_Emily_Flippen,7
S45_Bruce_Perreault,8
S45_Kendra_McQuarrie,9
S45_Kellie_Nalbandian,10
S45_Kaleb_Gebrewold,11
S45_Sifu_Alsup,12
S45_J_Maya,13
S45_Brando_Meyer,14
S45_Sean_Edwards,15
S45_Sabiyah_Broderick,16
S45_Brandon_Donlon,17
S45_Hannah_Rose,18
S46_Kenzie_Petty,1
S46_Charlie_Davis,2
S46_Ben_Katzman,3
S46_Liz_Wilcox,4
S46_Maria_Shrime_Gonzalez,5
S46_Q_Burdette,6
S46_Venus_Vafa,7
S46_Tiffany_Nicole_Ervin,8
S46_Hunter_McKnight,9
S46_Tevin_Davis,10
S46_Soda_Thompson,11
S46_Tim_Spicer,12
S46_Moriah_Gaynor,13
S46_Jem_Hussain-Adams,14
S46_Bhanu_Gopal,15
S46_Randen_Montalvo,16
S46_Jess_Chong,17
S46_David_Jelinsky,18
